Column1,Column2,Column3
-3.6,35.88,1
1.78,40.43,0
-0.69,39.25,1
1.07,42.05,0
-0.55,41,1
1.82,45.85,1
-0.42,50.7,1
0.19,51.2,0
-0.62,49.41,0
-0.62,47.62,0
-1.68,43.1,1
1.83,48.71,1
0.67,50.66,1
1.3,54.32,1
2.14,59.69,0
-0.07,59.45,1
0.23,60.04,1
0.66,61.78,1
3.91,70.14,1
0.06,70.25,1
1.8,73.45,1
0.82,74.8,1
0.29,75.29,1
0.49,76.13,0
-1.22,69.76,1
0.27,70.35,0
-0.15,69.56,1
0.24,70.14,0
-1.07,64.17,1
1.12,67.29,1
1.61,71.2,1
0.44,72.2,0
-1.19,65.59,1
1.88,70.18,1
0.65,71.61,1
1.49,74.65,0
-0.36,72.6,1
0.44,76.6,1
0.44,77.49,0
-0.27,75.59,1
0.77,77.29,1
0.21,77.74,1
0.06,77.87,1
1.34,80.75,1
1.31,83.1,0
-0.61,78.26,0
-0.13,77.21,0
-1,69.65,1
5.98,81.29,1
2.8,84.47,1
1.64,86.01,0
-0.49,83.3,0
-2.77,69.97,0
-0.17,69.26,1
2.69,73.8,0
-2.81,63.04,1
2.01,66.69,0
-2.88,57.75,0
-1.04,54.96,0
-3.8,46.27,0
-4.22,39.15,1
7.69,52.79,1
1,54.33,1
2.17,57.61,0
-1.42,54.78,0
-1.76,51.46,1
0.16,51.73,0
-0.73,50.3,0
-1.59,47.24,0
-4.26,40.29,1
1.92,44.11,1
1.83,47.62,0
-0.62,46.52,0
-0.45,45.71,1
3.79,53.06,1
1.2,60.22,0
-0.31,59.4,0
-2.72,52.7,0
-1.96,48.57,0
-0.64,47.29,0
-2.46,42.67,1
3.01,49.06,1
1.2,51.45,1
0.3,52.07,1
2.13,56.3,1
2.91,61.43,1
1.73,64.19,1
0.81,65.46,0
-1.42,61.31,1
1.36,63.65,0
-1.05,60.57,0
-0.73,58.47,0
-0.86,56.04,1
0.6,57.37,0
-4.52,46.02,0
-1.81,42.55,0
-1.21,40.39,0
4.04,50.83,0
-0.22,50.32,1
0.59,51.71,0
-0.9,49.44,0
-2.13,44.5,1
0.37,45.49,0
-0.51,44.32,0
-0.62,42.87,0
-1.73,39.04,1
2.57,46.55,1
0.93,49.06,1
1.88,53.82,1
0.36,54.7,0
-0.25,53.9,1
1.85,58.59,0
-1.18,54.7,0
-1.09,51.34,0
-0.33,50.34,1
1.79,55.37,1
0.03,55.45,1
0.4,56.61,0
-0.49,54.74,0
-0.62,52.39,1
0.64,54.56,0
-0.89,51.03,0
-3.55,40.06,1
0.64,42.38,0
-1.07,39.61,0
-0.59,38.15,1
1.75,44.65,1
0.44,46.2,0
-1.26,42.49,0
-0.1,42.22,0
-1.54,37.98,0
-2.39,32.6,1
1.23,37.42,0
-1.07,35.04,1
0.56,37.24,1
0.36,38.71,1
0.25,39.75,1
2.97,50.6,1
0.74,52.92,1
1.98,63.64,1
0.06,63.78,1
0.13,64.11,1
1.38,67.49,1
0.38,68.39,1
0.81,70.27,1
2.35,74.98,0
-0.43,72.64,1
2.85,77.58,1
0.19,77.87,1
1.4,79.97,1
0.41,80.55,1
1.18,82.18,0
-0.4,79.73,0
-1.48,71.26,1
0.18,71.65,0
-1.26,65,0
-0.43,62.86,0
-1.37,56.55,1
3.7,66.24,1
0.09,66.44,1
0.01,66.46,1
1.68,70.33,1
0.44,71.27,1
1.08,73.52,1
0.54,74.6,1
0.72,76.02,1
4.11,82.18,1
1.04,83.39,0
-2.68,70.06,1
0.34,70.68,0
-0.33,69.19,0
-0.66,66.14,1
0.45,67.18,0
-0.26,65.92,0
-0.07,65.55,0
-0.84,61.22,0
-1.4,54.8,1
1.06,58.33,1
1.7,63.33,1
1.11,66.23,1
1.75,70.25,0
-0.36,68.42,1
0.47,69.54,0
-0.8,65.3,1
0.62,66.97,0
-0.43,64.6,0
-2.72,52.21,0
-0.32,51,0
-1.78,44.84,0
-0.36,43.7,1
2.64,53.03,0
-0.55,51.08,1
2.16,57.64,0
-1.48,52.36,1
0.59,59.63,0
-1.81,52.82,1
1.69,57.6,1
0.55,59.09,0
-0.22,58.2,1
0.85,60.65,0
-0.61,58.03,1
0.88,60.67,0
-0.39,58.89,1
0.25,59.7,1
0.35,60.86,0
-0.43,58.6,1
0.02,58.69,1
0.28,59.8,0
-0.2,58.58,1
0.5,60.74,1
0.62,63.3,1
0.3,64.51,0
0.24,63.64,0
-0.06,63.17,0
-0.5,59.01,0
-0.34,56.31,1
2.17,66.75,1
0.52,68.72,1
0.82,71.59,0
-0.08,70.89,1
0.72,73.36,1
1.88,78.55,0
-0.24,76.5,1
0.81,78.57,1
0.37,79.45,1
-0.53,60.76,0
-1.82,51.3,0
-1.79,44.14,1
3.28,56.04,1
1.17,59.46,1
0.72,61.47,0
-0.19,60.62,0
-2.07,52.07,1
0.96,55.16,1
1.68,60.07,0
-0.21,59.2,0
-0.26,58.08,1
0.89,60.85,1
1.55,65.21,1
0.94,67.6,1
0.83,69.61,0
-1.01,64.36,1
0.65,66.12,1
0.65,67.84,1
0.2,68.37,1
0.9,70.73,0
-1.33,63.16,0
1.18,46.33,1
0.08,46.59,1
1.54,51.67,1
1.45,55.99,0
-1.1,52.12,1
0.8,54.56,1
2.11,60.32,1
0.12,60.63,0
-1.29,55.58,1
0.11,55.92,0
-0.92,52.36,0
-1.65,46.71,1
1.53,51.84,1
0.45,53.27,0
-2.3,45.7,0
-4.46,35.42,1
1.4,39.8,0
-1.19,37.45,1
2.61,45.04,1
0.56,46.57,0
-0.59,45.14,1
1.7,49.92,1
1.9,54.75,0
-0.31,53.81,1
0.15,54.21,0
-0.66,52.05,0
-0.03,51.93,0
-1.13,48.16,0
-0.98,45.14,0
-0.67,43.15,0
-0.25,42.41,1
0.01,42.46,0
-0.89,39.65,0
-1.27,36.03,1
0.48,38.31,1
1.12,43.37,0
-1.1,39.87,0
-1.49,35.71,1
1.34,41.52,1
1.81,48.4,1
1.35,52.91,1
-0.73,58.53,0
-0.08,58.21,0
-0.97,54.24,1
0.97,57.35,0
-1.1,52.93,1
0.55,54.8,1
0.39,56.14,0
-0.81,52.68,0
-0.03,52.57,1
0.27,53.67,1
0.53,55.85,0
-0.64,52.65,0
-0.19,51.71,0
-1.75,43.89,0
-2.11,36.79,1
0.85,40.85,1
1.11,45.79,1
0.19,46.63,0
-1.56,41.07,0
-0.24,40.27,0
-0.66,38.11,1
1.38,44.73,0
-0.53,42.82,1
-0.67,54.89,1
0.17,55.48,0
-0.77,52.14,0
-1.57,46.07,0
-1.77,40.43,1
0.06,40.69,0
-0.23,39.99,0
-1.69,35.1,1
0.21,36.15,1
1.79,44.27,0
-1.71,39.06,0
-0.49,37.72,0
-1.51,33.88,0
-1.54,30.5,1
3.17,42.89,0
-0.83,40.78,1
2.67,49.37,0
-1.47,45.36,1
1.74,50.42,1
0.97,53.07,0
-0.36,51.93,1
0.49,53.37,1
0.67,65.02,1
1.55,68.21,1
0.7,69.59,0
-1.59,62.91,0
-0.07,62.63,1
1.21,65.49,0
-0.07,65.17,1
2,69.66,1
2.43,74.12,1
0.82,75.45,1
2.67,79.25,1
0.1,79.38,1
1.55,81.37,1
1.32,82.9,1
1.23,84.22,0
-2.68,71.17,0
-0.2,70.34,0
-0.34,68.82,1
1.61,71.87,0
-1.98,63.51,1
0.94,65.52,0
-3.87,52.53,0
-0.99,49.9,0
-5.46,38.59,1
5.89,50.83,0
-2.76,45.93,1
2.75,50.87,1
0.88,52.41,1
1.7,55.35,0
-0.76,53.72,0
-0.01,53.7,0
-3.78,45.98,0
-2.74,41.51,1
0.12,41.76,1
4.81,51.16,1
0.69,52.4,0
-0.65,51.06,1
2.64,55.91,1
1.67,58.76,1
0.01,58.77,0
-1.32,55.42,0
-0.99,53.02,0
1.1,54.49,1
0.05,54.61,0
-1.73,50.1,1
0.65,51.69,1
1.23,54.64,1
1.22,57.44,1
0.94,59.54,1
1.92,63.54,1
2.78,68.49,1
0.44,69.22,0
-0.32,67.99,0
-2.5,59.08,1
0.62,60.43,0
-0.28,59.47,0
-0.97,56.15,0
-0.56,54.28,0
-1.62,49.21,0
-2.37,43.01,0
-1.76,39.15,0
-0.56,38,1
1.54,42.93,0
-0.23,42.38,0
-2.01,37.84,1
5.14,51.8,1
2.95,57.95,1
0.47,58.88,1
1.55,61.88,1
3.32,67.43,0
-0.48,65.9,1
0.54,66.81,0
-5.59,51.34,0
-0.83,49.6,0
-0.62,48.31,1
3.28,55,0
-1.97,50.62,1
0.71,52.08,1
1.02,54.17,1
0.06,54.31,0
-0.04,54.2,0
-2.04,48.83,1
0.23,49.41,1
1.42,53.06,0
-0.7,51.08,0
-0.13,50.71,1
1.63,55.15,0
-2.7,47.41,0
-2.55,41.63,0
-0.16,41.3,0
-1.39,38.43,1
2.52,45.69,0
-1.04,43.36,0
-1.91,39.42,0
-0.65,38.17,0
-1.58,35.27,1
2.03,41.34,0
3.45,44.35,0
-0.78,42.82,1
2.41,48.7,1
1.5,52.07,1
0.46,53.1,1
0.85,55.04,0
-0.52,53.55,0
-0.48,52.19,1
0.4,53.27,1
0.76,55.33,0
-0.45,53.8,0
-0.77,51.19,0
-2.22,44.58,0
-0.33,43.7,1
0.55,45.63,1
0.31,46.75,1
3.59,57.63,1
0.13,57.96,1
0.53,59.42,1
-0.96,60.37,1
0.62,62.08,0
0.54,67.54,1
1.11,70.25,1
1.05,72.59,0
-0.16,71.66,1
0.36,72.52,0
-0.16,71.45,0
-0.27,69.61,0
1.04,73.44,0
-0.32,71.19,0
-1.74,60.27,1
1.69,65.68,0
-1.64,57.39,1
6.24,71.77,0
-0.45,69.81,1
0.6,70.93,1
1.28,73.23,1
0.77,74.55,0
-0.06,74.22,0
-0.23,72.95,1
1,74.93,1
0.93,76.66,1
1.05,78.47,1
1.67,81.04,1
3.46,85.06,1
0.05,85.11,1
1.86,86.9,1
1.36,88.06,0
-2.31,75.7,1
0.91,77.04,0
-0.35,78.62,1
0.65,79.54,1
1.17,81.12,1
0.64,81.96,1
1.84,84.13,1
1.31,85.51,1
0.37,85.88,1
0.13,86.02,0
-2.2,73.02,0
-0.54,70.26,1
0.08,70.44,1
2.13,74.73,1
0.59,75.79,1
1.25,77.94,1
2.92,82,1
3.78,85.76,0
-0.68,82.3,1
0,82.3,1
2.65,85.01,1
0.81,85.75,0
-0.57,82.64,0
-0.52,79.79,0
-0.55,76.82,1
1.83,79.54,1
1.24,81.18,1
0.51,81.83,0
-1.26,74.9,0
-1.69,66.8,1
3.18,72.69,1
1.73,75.33,0
-0.8,71.82,1
-1.22,69.29,0
-0.36,67.72,0
-0.55,65.29,0
-2.82,54.52,0
-4.15,43.47,1
5.1,55.04,0
-0.22,54.48,0
-3.44,46.73,0
-2.46,42.25,0
-0.22,41.86,0
-2,38.51,1
8.87,55.29,0
-0.38,54.55,0
-0.77,52.99,0
-3.15,47.1,0
-0.32,46.56,1
0.66,47.9,0
-0.71,46.54,0
-2.85,41.49,1
0.75,43.18,0
-0.23,42.77,1
0.18,43.22,1
0.24,43.85,0
-0.67,42.4,0
-1.5,39.29,0
-0.9,37.53,0
-1.28,35.14,0
-2.92,30.45,1
0.05,30.61,1
5.83,46.59,0
-0.77,45.03,1
2.44,50.64,0
-0.92,48.58,0
1.21,54.35,0
-0.25,53.67,0
-2.9,46.38,1
0.59,47.89,0
-0.26,47.26,1
1.53,51.34,1
0.05,51.46,1
1.5,55.43,0
-1.58,50.68,1
0.87,53.04,0
-0.69,50.93,0
-0.11,50.59,1
0.45,52.02,1
2.03,57.89,1
0.28,58.66,0
-0.28,57.51,0
-1.38,52.19,1
0.77,54.67,0
-1.95,47.83,1
0.22,48.6,1
0.43,50.16,0
-0.95,46.8,1
2.63,55.58,1
1.46,59.67,1
-0.67,63.84,1
1.32,66.88,0
-0.93,62.84,0
-0.62,60.24,0
-0.91,56.54,1
1.01,59.48,1
0.32,60.4,1
0,60.42,0
-0.11,59.86,1
1.33,64.06,0
-1.63,56.19,0
-0.08,55.85,0
-0.48,53.64,0
-4.32,38.89,0
-0.02,38.85,1
1.79,45.7,1
1.69,51.34,1
2.64,58.7,0
-0.65,56.39,1
0.16,56.85,1
1.3,60.42,1
1.11,63.26,0
-0.26,62.11,0
-0.17,61.34,1
0.14,61.77,1
0.16,62.26,1
1.34,66.28,1
0.27,67.05,0
-0.14,66.22,1
0.87,68.87,1
1.85,73.64,1
2.63,78.71,0
-1.37,70.87,1
1.95,74.7,0
-0.93,69.88,1
0.09,70.08,1
1.88,73.94,0
-0.13,73.22,0
-0.2,72.08,0
-1.43,64.29,1
-0.7,64.99,1
0.9,67.45,1
0.62,69.07,0
-2.6,56.29,0
-0.32,54.96,1
1.39,59.38,1
1.97,64.73,1
1.22,67.62,1
1.23,70.3,1
0.3,70.95,1
0.03,71.01,0
-0.48,68.25,1
0.2,68.79,0
-1.33,61.36,0
-2.5,50.47,0
-1.24,46.19,1
2.43,54.25,0
-2.09,47.5,0
-1.16,44.28,1
0.29,45.28,1
1.53,50.32,0
-0.69,48.13,0
-2.13,42.1,0
-2.21,37.03,0
-0.36,36.27,1
0.8,39.19,0
-2,34.84,1
0.26,35.8,1
0.8,38.86,1
2.37,46.96,0
-0.8,44.76,0
-1.86,40.08,0
-3.6,33.01,1
3.97,44.25,0
-3.26,38.33,1
0.57,39.79,0
-1.18,37.77,0
0.2,34.61,0
-3.31,29.72,1
1.36,33.71,0
-0.3,33.25,0
-4.26,27.56,0
-3.63,23.96,1
1.73,28.58,0
-0.77,27.75,1
0.01,27.79,0
-1.11,26.52,0
-2.1,24.3,1
0.39,25.53,1
7.21,43.73,0
-0.85,42.32,1
3.15,53.2,0
-0.81,51.42,0
-0.31,50.71,1
1.1,53.14,0
-0.69,51.4,1
0.16,51.78,0
-1.76,47.28,0
-6.44,35.41,1
1.57,39.16,0
-2.56,35.48,0
-0.64,34.63,1
2.18,39.9,0
-0.44,39.2,0
-1.73,36.5,0
-3.76,31.5,1
1.77,35.8,1
2.9,42.3,0
-1.42,40.1,0
-0.87,38.79,0
-0.46,38.08,1
0.4,37.38,0
-1.06,35.57,1
-1.26,50.82,0
-2.79,45.25,0
-0.59,44.18,1
0.27,44.82,0
-1.56,41.82,1
1.24,44.92,0
-0.61,43.67,0
-3.57,37.2,0
-3.15,32.74,1
4.15,42.24,0
-0.67,41.18,0
1.83,46.86,0
-12.36,30.28,0
-2.36,28.46,1
2.26,32.54,1
1.88,35.88,0
-0.31,35.55,0
-0.29,35.24,0
-0.41,34.77,0
-2.49,32,1
3.51,39.16,0
-0.11,39.02,1
2.38,43.8,1
1.44,46.61,1
1.04,48.63,0
-2.51,44.25,0
-0.19,43.93,0
-0.09,43.77,0
-2.42,37.06,0
-0.62,36.08,1
1.06,39.05,0
-1.78,36.01,1
1.39,39.89,0
-0.98,38.12,0
-0.71,36.84,0
-2.48,32.78,0
-2.42,29.44,1
2.64,36.81,0
-1.27,34.87,1
1.16,38.03,1
0.26,38.77,1
1.42,42.74,0
-2.16,38.6,0
-0.02,38.57,1
0.97,41.46,1
2.58,48.47,1
2.72,54.78,0
-0.27,54.06,0
-0.53,52.58,1
0.14,52.96,1
2.03,57.97,1
0.36,58.83,0
-0.53,57,0
-1.96,50.68,0
0.21,39.03,1
0.51,40.64,0
-0.99,38.51,0
-1.06,36.34,1
0.71,38.82,1
0.18,39.46,1
2.04,46.38,0
-0.31,45.51,0
-1.04,42.62,0
-2.32,37.07,1
1.52,42.27,0
-5.5,31.87,0
-2.67,28.41,0
-0.39,27.95,1
2.08,34.12,1
1.87,39.25,0
-0.16,38.96,1
0.72,41.03,1
2.16,46.89,1
3.1,54.09,1
2.94,59.83,0
-0.79,57.69,1
1.42,60.42,1
1,62.29,1
2.38,66.41,0
-0.44,64.95,1
1.13,66.93,0
-1.52,61.8,0
-0.83,59.18,1
0.39,60.03,0
-2.39,52.75,0
-3.38,44.7,1
1.34,47.96,0
-0.3,47.27,1
2.23,52.66,0
-0.74,50.77,1
0.38,51.74,1
0.18,52.21,1
0.8,53.71,1
1.49,57.77,0
-0.41,56.29,1
0.22,56.93,0
-0.31,55.68,0
-0.93,52.03,0
-1.49,46.8,1
0.76,49.55,0
-0.66,47.26,0
-0.29,46.24,0
-1.24,42.14,1
0.87,45.75,0
-1.36,41.39,1
0.45,43.31,0
-0.05,43.13,0
-2.03,36.86,0
-1.46,33.2,0
-0.8,31.39,0
-2.65,26.3,1
0.02,26.41,0
-1.13,24.5,0
-1.08,22.82,1
0.7,26.3,1
3.2,39.78,1
2.27,47.36,1
-0.57,45.01,1
1.76,50.83,0
-0.38,49.57,1
1.56,54.47,0
-0.18,53.8,1
0.22,54.51,1
0.65,56.66,1
0.03,56.75,1
0.34,57.96,0
-1.58,50.79,1
0.32,52.06,0
-1.72,45.26,1
5.14,61.28,0
-0.46,59.53,1
0.57,61.01,1
1.54,64.81,1
1.23,67.58,0
-0.17,66.77,1
0.92,68.88,1
1.28,71.62,1
1.49,74.47,0
-0.89,69.87,0
-0.06,69.58,0
-0.85,65.19,0
-1.42,58.61,1
2.84,65.9,1
4.75,74.29,1
1.82,76.77,0
-0.12,76.25,1
0.89,77.48,1
1.08,78.93,0
-1.31,72.73,1
0.26,73.17,1
0.12,73.38,0
-0.39,71.39,1
0.39,72.21,0
-2.86,58.88,1
0.47,60.16,1
0.16,60.61,0
2.07,63.61,0
-0.69,60.49,1
0.6,62.21,1
1.6,66.45,0
-2.28,56.54,0
-5.44,41.11,1
1.06,44.14,0
-1.65,40.62,0
-3.18,34.92,1
1.16,38.2,1
2.06,43.71,1
1.64,47.79,0
-1.04,45.51,1
4.97,56.2,0
-0.31,55.43,0
-1.55,51.65,1
0.97,53.75,0
-0.71,51.95,0
-1.24,48.9,1
2.35,54.3,1
0.33,55.03,0
-1.26,51.62,0
-0.08,51.4,1
0.98,53.94,0
-1.4,49.9,1
1.17,53.04,1
0.63,54.69,1
0.65,56.41,1
0.66,58.15,1
0.53,59.57,1
0.49,60.89,1
0.68,62.71,1
0.87,64.99,1
2.45,70.5,0
-0.29,69.1,1
0.98,71.2,1
1.32,73.82,0
-1.12,68.11,1
0.75,69.77,0
-2.49,58.69,1
1.59,62.67,0
-0.42,60.98,0
-0.51,58.9,1
1.29,62.37,0
-0.25,61.29,0
-0.86,57.55,0
-1.62,51.29,1
1.57,56.2,0
-0.29,55.08,1
0.18,55.69,1
0.12,56.1,1
1.45,60.85,0
-0.6,58,0
-1.21,52.68,1
0.18,53.35,0
-0.88,49.62,1
1.19,54.26,0
-0.26,53.11,1
0.76,56.06,1
1.84,62.32,1
-0.87,68.12,1
2.74,73.54,0
-0.23,72.38,1
0.51,73.37,0
-1.39,66.39,1
1.14,68.97,0
-0.16,68.2,0
-0.74,64.48,0
-0.15,63.75,0
-1.09,58.42,1
0.55,60.22,0
-0.45,58.01,0
-0.76,54.39,0
-1.15,49.44,1
0.84,52.79,1
3.84,64.49,0
-0.68,56.67,0
-0.99,52.59,1
-2.2,43.88,1
0.55,45.86,0
-0.72,43.68,1
0.63,46.1,0
-1.28,42.13,0
-0.67,40.21,1
0.52,42.42,1
1.99,50.01,1
2.01,56.38,0
-0.56,54.27,0
0.44,52.38,1
0.85,54.94,0
-1.82,48.82,1
0.81,51.37,0
-7.99,33.48,0
-1.14,31.91,0
-0.19,31.64,1
0.16,32.16,1
0.19,32.79,1
1.45,37.62,1
0.75,40.04,0
-0.02,40.01,1
1.4,44.71,1
1.79,50.17,1
1.32,53.85,0
-0.01,53.83,1
1.59,58.19,0
-1.58,52.81,0
-1.16,48.86,0
-1.11,45.4,1
0.44,46.98,0
-1.04,43.73,0
-0.9,41.1,1
1.99,48.41,0
-0.27,47.53,1
0.29,48.6,1
0.66,51.06,1
0.21,51.86,0
-0.3,50.59,0
-0.06,50.33,1
0.09,50.75,1
0.97,55.12,1
0.1,55.55,0
-1.11,49.7,0
-1.12,44.64,1
0.39,46.65,1
0.88,51.01,0
-0.03,50.88,0
-0.48,48.37,1
0.79,52.48,1
1.19,57.95,1
1.08,62.25,0
-0.96,56.65,0
-0.43,54.31,0
-0.11,53.69,0
-0.02,53.56,1
0.91,58.08,1
0.17,58.87,0
-0.69,54.27,0
-1.29,46.94,0
-1.57,39.98,0
-0.01,39.96,1
1.31,47.41,0
-1.29,41.85,0
-0.74,39.06,1
0.4,41.31,0
-0.71,38.55,1
0.2,39.77,1
0.1,52.6,0
-1.31,46.16,1
8.2,70.35,1
0.73,71.68,1
3.87,77.46,0
-0.3,76.13,0
-0.38,74.38,1
0.24,74.77,1
0.19,75.09,1
1.41,77.44,0
-1.09,71.73,0
-0.35,69.97,0
-0.73,66.31,0
-0.42,64.26,1
1.25,67.48,1
0.16,67.87,1
0.02,67.92,0
-0.85,63.08,1
1.48,67.39,1
1.18,70.42,1
0.02,70.47,1
0.26,71.17,1
0.16,71.6,1
-0.26,76.74,1
1.82,80.24,0
-0.37,77.61,0
-0.69,72.9,1
1.41,76.09,1
1.14,78.34,1
0.39,79.08,0
-0.27,77.09,1
1.6,80.2,1
0.59,81.22,0
-0.41,78.14,0
-1.67,67.1,0
-1.09,61.12,1
1.01,64.25,0
-0.13,63.53,1
0.11,63.89,0
-0.35,61.78,0
-1.03,55.87,0
-0.09,55.39,0
-0.61,52.07,1
0.09,52.52,1
0.6,55.52,1
1.19,60.85,1
1.03,64.85,1
0.63,67.09,0
-0.04,66.78,1
-0.65,70.27,1
0.04,70.4,0
-0.37,67.61,1
0.19,68.31,1
1.29,72.63,0
-1.17,63.99,0
-0.57,60.3,0
-1.78,50.49,1
1.44,56.53,0
-0.52,53.94,1
0.83,57.29,1
2.61,65.79,0
-0.16,64.89,1
0.66,66.85,1
1.38,70.57,0
-0.65,66.74,0
-0.23,65.37,0
-2.6,52.49,1
0.55,54.5,0
-0.56,52.08,0
-0.49,50,0
-0.17,49.28,0
-0.51,47.09,1
0.28,48.43,1
1.32,54.4,0
-0.02,54.29,1
1.32,59.77,1
0.27,60.8,1
0.49,62.71,1
1.2,66.97,1
1.38,71.1,1
0.04,71.21,1
0.01,71.24,1
0.74,73.46,1
0.22,74.11,0
-0.64,68.81,1
1.23,72.8,1
0.12,73.16,1
-4.22,49.92,0
-0.83,46.66,1
0.87,50.29,0
-0.62,47.78,0
-0.38,46.27,1
3.07,57.92,1
0.43,59.28,1
0.23,60.02,0
-0.03,59.87,0
-0.76,55.91,1
0.71,58.66,1
0.21,59.45,0
-0.82,54.96,1
0.1,55.4,1
1.56,61.72,0
-0.87,56.83,0
-3.81,41.43,1
2.94,51.86,0
-0.64,49.74,1
0.64,51.86,0
-1.56,46.66,1
0.73,49.18,0
-0.28,48.22,1
0,48.22,0
-0.87,45.08,1
2.08,52.88,1
0.22,53.64,0
-0.29,52.44,0
-0.91,48.71,0
-1.06,44.76,0
-1.23,40.7,0
-1.31,36.89,1
1.46,43.2,1
2.14,51.01,1
2.72,58.91,1
0.51,60.23,1
1.79,64.58,1
0.37,65.45,0
-0.1,64.97,1
1.55,68.64,1
0.56,69.89,0
-0.34,68.14,1
0.95,70.41,1
1.3,73.23,0
-0.73,69.17,1
0.24,69.76,0
-0.15,68.89,1
0.29,69.68,0
-0.17,68.59,1
0.8,70.95,1
1.41,74.6,1
1.41,77.67,1
1.21,79.93,0
-0.17,78.73,1
1.3,81.11,0
-0.69,76.15,1
1.43,78.99,1
0.14,79.25,1
1.85,82.4,0
-0.87,76.43,1
-3.25,60,0
-0.38,58.32,1
1.13,61.72,0
-0.38,59.94,0
-0.42,57.94,0
-2.26,48.64,1
1.53,53.91,0
-1.9,47.32,0
-0.29,46.39,0
-1.69,41.37,0
-1.37,37.88,0
-1.37,34.76,1
2.49,43.73,1
2.96,52.33,0
-0.77,50.12,1
1.04,52.98,0
-0.35,51.87,0
-0.07,55.29,0
-1.22,50.99,0
-2.82,36.1,1
0.01,36.13,1
1.4,41.16,1
3.84,52.38,1
0.11,52.66,0
-2.46,45.93,1
0.89,48.43,0
-0.38,47.41,0
-2.71,40.83,0
0.76,48.81,1
2.6,55.26,1
0.52,56.47,1
0.11,56.72,0
-3.5,46.82,1
5.65,58.87,1
3.11,63.98,0
-1.46,60.08,1
1.25,62.18,1
0.02,62.21,1
0.77,63.58,1
0.32,64.17,0
-0.84,61.35,1
0.66,62.73,1
1.92,66.48,1
2.34,70.46,1
1.27,72.41,1
0.7,75.16,0
-0.21,74.15,1
0.82,75.53,1
2.7,79.47,0
-0.62,76.33,0
-2.56,65.07,1
1.27,67.55,0
-1.5,61.85,1
0.49,62.93,1
0.21,63.41,0
-0.63,60.84,0
-1.66,54.64,1
0.15,55.08,1
0.43,56.37,0
-2.07,48.97,0
-1.82,43.64,1
1.81,49.41,0
-0.69,47.38,1
1.1,50.82,1
1.67,55.63,1
1.13,58.61,0
-0.76,55.87,0
-1.25,51.58,1
1.04,54.65,0
-0.41,53.21,0
-2.61,45.06,1
0.7,47.32,0
-0.8,45.02,1
2.53,52.79,0
-1.54,48.23,0
-0.14,47.82,1
-1.05,51.75,0
-0.33,50.68,1
0.76,53.12,1
0.43,54.48,0
-0.2,53.7,0
-0.43,51.94,1
0.38,53.38,0
-0.48,51.28,0
-1.13,46.69,1
2.28,55.34,0
-0.54,53.09,1
1.35,57.67,1
0.82,60.24,1
0.47,61.7,1
1.82,66.78,0
-1.58,59.3,0
-1.47,53.39,0
-2.71,44.67,1
3.04,53.56,0
-0.19,52.96,0
-2.25,46.43,0
-0.63,44.81,1
0.2,45.46,1
1.88,51.28,0
-1.02,48.23,0
-0.36,47.18,1
0.11,47.56,1
2.33,54.93,0
-0.14,54.42,1
1.1,57.72,0
-0.09,57.34,0
-0.01,57.31,1
1.02,60.62,1
1.87,59.11,0
-0.2,58.28,0
-1.14,53.65,1
0.2,54.33,0
-0.44,52.49,1
0.12,52.96,0
-0.58,50.39,0
-0.55,48.04,0
-0.66,45.32,0
-0.3,44.11,1
1.15,49.65,0
-0.23,48.62,0
-1.1,43.82,0
-0.2,43.02,1
0.54,45.93,0
-0.24,44.84,1
0.46,47.43,0
-1,42.67,1
0.8,47.17,0
-0.45,44.99,1
0.85,49.67,0
-0.48,47.22,0
-0.59,44.34,0
-1.75,37.1,1
0.72,41.29,1
0.93,46.29,0
-0.25,42.94,0
-2.48,33.46,0
-2.04,28.11,1
2.67,41.13,1
1.93,48.57,0
-0.04,48.43,1
0.96,52,1
1.33,56.52,1
0.86,59.24,1
1.89,64.51,0
-1,60.01,0
-4.23,45.64,0
-0.05,45.51,0
-0.53,44.05,0
-1.39,40.4,1
0.5,42.22,0
-0.32,41.35,0
-0.5,39.95,0
-0.87,37.57,0
-2.36,32.08,0
-3.21,26.53,1
0.66,29.17,0
-0.23,28.78,1
0.34,30.25,1
3.64,43.72,0
-5.2,33.41,1
1.54,37.85,0
-0.08,37.71,1
0.7,39.85,1
1.03,42.98,0
-0.56,41.69,0
-1.28,38.87,0
-2.05,34.84,0
-6.12,26.28,0
-2.5,23.86,1
0.6,25.6,1
5.74,39.76,1
2.94,45.79,1
0.33,46.45,0
-0.47,45.59,0
-4.47,38.34,1
4.29,46.71,0
-1.75,43.97,0
-1.92,44.62,1
2.2,48.7,1
1.46,51.31,1
0.96,53.04,1
0.84,54.57,1
0.11,54.79,0
-2.14,49.96,0
-0.41,49.08,1
1.55,52.45,0
-1.57,48.87,1
0.81,50.71,1
0.59,52.09,0
-0.25,51.43,0
-1.98,46.47,0
-3.01,40.25,1
1.14,43.25,0
-0.65,41.93,1
0.73,43.97,1
0.36,45.01,1
0.48,46.44,0
-0.48,45.18,0
-1.16,42.21,1
2.39,49.53,0
-0.46,48.22,1
0.17,48.75,0
-1.41,44.65,1
1.5,49.43,0
-0.73,47.25,1
0.62,49.28,1
1.83,54.82,0
-0.01,54.79,1
1.53,59.2,1
3.1,66.45,0
-3.19,55.23,0
-0.63,53.37,1
4.12,62.24,1
1.06,64.2,0
-0.85,61.4,1
1.41,64.15,1
1.15,66.29,0
-0.47,64.58,0
-0.89,61.37,1
0.12,61.63,0
-0.4,60.07,0
-3.15,49.57,0
-0.57,48,0
-0.34,47.06,0
-2.92,39.73,1
1.64,44.77,0
-0.43,43.72,1
3.17,52.52,1
1.27,55.61,1
0.44,56.67,0
-1.3,52.64,1
0.96,55.14,0
0.42,53.54,0
-0.81,50.71,0
-0.9,47.71,0
-0.93,44.8,1
3.32,55.22,0
-0.63,53.11,0
-0.04,52.96,0
-2.21,45.89,1
0.48,47.48,0
-2.57,40.5,0
-0.62,39.06,0
-1.77,35.2,1
0.77,38.02,0
-2.12,33.65,0
-2.71,29.15,1
1.23,33.38,0
-0.09,33.21,1
1.29,37.77,0
1.8,40.71,0
-1.31,37.79,0
-2.51,29.83,0
-1.96,26.96,0
-4.22,22.11,1
0.53,23.88,1
1.62,29.21,1
1.45,33.76,0
-2.57,30.02,1
2.19,36.31,0
0.13,32.5,0
-0.51,31.72,1
5.32,46.17,0
-1.95,42.43,1
0.55,43.79,0
-6.57,33.58,1
0.72,35.23,1
3.45,42.71,0
-0.93,41.27,0
-2.02,38.3,1
1.98,42.57,1
0.26,43.14,0
-2.67,38.88,1
1.05,41.27,0
-0.02,41.24,0
-0.76,39.92,0
-0.6,38.86,1
1.53,50.85,0
-1.9,46.49,0
-0.23,45.99,1
0.87,48.29,0
-2.26,43.14,1
1.49,47.05,1
0.69,48.83,1
0.16,49.24,0
-0.23,48.62,1
3.97,58.52,1
0.22,59.01,1
0.74,60.7,1
1.49,63.94,0
-1.11,59.93,0
-0.82,57.09,1
0.09,57.32,1
0.05,57.46,1
1.08,60.47,1
0.25,61.17,1
2.01,66.31,1
1.33,69.26,0
-0.16,68.47,1
0.11,68.74,0
-0.01,68.69,1
0.76,70.66,0
-0.55,67.33,0
2.37,69.18,1
1.75,73.23,0
-0.52,70.22,1
0.92,72.37,1
1.03,74.6,0
-1.18,67.76,1
1.05,70.33,0
-2.18,59.57,1
0.11,59.9,1
0.33,60.92,1
1.3,64.74,1
1.45,68.48,1
0.05,68.62,0
-2.01,58.54,0
-2.16,50.17,0
-0.53,48.38,1
0.21,49.14,0
-1.08,45.37,0
-0.27,44.45,0
-0.57,42.54,0
-0.69,40.26,0
-6.26,26.58,0
-3.06,22.76,0
-1.15,21.55,0
-0.11,21.44,1
1.64,27.72,0
-1.04,26.27,0
-1.01,24.91,0
-0.56,24.18,1
0.08,24.5,1
0.68,27.49,0
-0.97,25.9,0
-2.35,22.54,1
0.2,23.43,1
3.71,37.75,0
-0.42,36.88,1
1.14,40.87,0
-0.38,39.96,1
1.08,43.8,1
1.27,48.04,1
1.52,52.72,1
1.76,57.53,1
0.79,59.56,0
-1.4,52.04,0
-0.75,49.44,1
0.2,50.16,1
0.73,52.76,1
0.41,54.21,0
-0.09,53.81,1
0.72,56.53,0
-0.82,52.67,0
-1.51,46.46,1
0.12,47,0
-0.33,45.67,1
0.42,47.71,0
-2.28,39.15,0
-0.24,38.38,1
0.85,42.65,0
-0.38,41.28,1
0.58,44.23,0
-2.81,34.96,0
-1.46,31.39,1
1.68,39.03,1
0.87,42.62,1
1.27,47.56,1
0.57,47.69,1
0.43,49.43,1
0.77,52.51,1
0.31,53.74,1
0.45,55.56,0
-0.56,52.77,1
1.98,60.27,0
-0.01,60.22,1
1.06,63.86,1
0.04,63.99,1
0.09,64.31,0
-0.53,60.85,0
-0.77,56.12,0
-1.34,49.08,0
-0.69,45.93,1
6.5,67.19,1
1.35,70,0
-0.12,69.4,1
1.77,72.93,0
-1.48,65.94,1
1.25,68.64,1
0.08,68.8,1
1.52,71.96,1
0.83,73.55,1
0.41,74.32,0
-0.74,70.24,0
-0.06,69.88,1
0.23,70.46,1
1.2,73.33,0
-0.09,72.74,0
-0.15,71.76,0
-0.13,70.85,1
0.26,71.62,0
-0.78,65.92,1
0.31,67.05,0
-0.75,61.74,0
-0.43,58.91,0
-0.59,55.19,0
-0.11,54.49,0
-0.77,49.8,1
0.09,50.36,1
0.59,53.86,1
0.61,61.75,0
-2.62,45.7,0
-2.26,36.99,1
2.24,47.42,1
2.38,55.96,1
3.54,65.21,1
3.4,71.6,0
-0.56,69.26,0
-1.17,64.57,0
-0.01,64.53,0
-0.02,64.45,1
0.94,66.7,0
-1.67,59.48,1
0.15,59.89,1
0.19,60.43,1
0.76,62.65,0
-1.55,55.72,1
0.78,58.17,0
-0.47,56.13,1
0.43,57.58,1
0.04,57.74,1
0.74,60.39,1
0.15,60.92,1
1.74,66.59,1
0.22,67.23,1
0.89,69.84,0
-0.31,67.83,1
0.56,69.53,0
-0.07,69.05,0
-0.07,68.53,0
-0.3,66.21,0
-0.05,65.8,0
-0.39,62.58,1
0.9,66.59,1
0.51,68.66,0
-2.25,53,0
-0.96,48.07,0
-0.66,44.99,0
-0.16,44.26,0
-1.81,36.96,1
0.09,37.51,0
-1.58,32.26,0
-0.9,29.73,1
1.44,38.01,1
0.59,41.1,0
-0.16,40.5,0
-2.79,31.86,1
0.59,34.96,0
-2.51,28.94,1
1.32,35.13,1
2.69,45.62,0
-0.04,45.51,1
0.1,45.9,1
1.52,51.52,1
0.06,51.75,0
-0.2,50.86,0
-0.1,50.41,0
-0.84,46.6,0
-0.93,42.79,1
0.37,44.73,0
-0.72,41.79,1
0.77,45.86,1
0.98,50.64,1
0.98,54.97,1
1.63,61.12,0
-0.57,58.08,1
1.67,63.73,1
0,63.73,1
0.55,65.52,1
0.13,65.95,1
0.58,67.89,1
0.27,68.77,1
0.09,69.1,0
-0.66,64.07,1
-0.43,64.05,0
-0.03,63.84,0
-0.11,58.32,1
0.51,61.19,1
1.11,66.65,1
0.92,70.38,1
0.1,70.77,1
0.54,72.83,0
-0.42,68.76,0
-0.01,70.54,0
-0.18,68.66,1
0.18,69.58,1
0.07,69.92,0
-0.09,68.77,1
1.59,76.13,1
0.05,76.32,1
0.01,76.36,0
-0.26,72.8,0
-0.23,69.73,1
6.1,86.23,0
-0.17,84.75,1
0.43,85.42,1
0.94,86.8,1
0.95,88.05,1
0.39,88.53,1
0.29,88.89,0
-0.23,86.59,1
0.89,87.9,1
1.3,89.54,1
0.36,89.95,0
-0.12,88.72,1
0.3,90.4,0
-0.42,85.53,1
0.1,85.72,1
0.2,86.12,1
0.04,86.21,1
2.04,89.66,0
-0.59,83.03,1
0.59,84.27,0
-0.31,80.86,1
0.13,81.2,0
-0.37,77,0
-0.23,74.46,1
0.33,75.7,1
0.04,75.87,0
-0.15,73.97,1
1.06,78.1,1
0.16,78.67,0
-0.5,72.49,1
1.05,76.64,0
-1.15,65,1
1.13,69.81,0
-0.35,66.69,0
-0.2,64.94,1
0.17,65.77,1
2.07,73.88,1
0.22,74.59,0
-0.13,73.31,0
-0.19,71.44,1
0.03,71.56,1
0.74,74.53,0
-0.52,69.08,0
-0.25,66.57,0
-0.22,64.32,0
-0.12,63.11,0
-1.08,53.28,1
0.12,54.13,0
-0.44,50.35,0
-0.37,47.54,1
1.25,56.4,0
-0.12,55.42,1
0.96,61.23,1
0.62,64.47,0
-0.59,59.37,1
0.08,59.81,0
-0.1,58.93,1
2.04,69.17,1
0.63,71.59,0
-0.31,68.77,0
-0.36,65.51,1
1.66,72.06,1
2.72,79.16,1
0.64,80.46,0
-0.47,76.64,1
0.45,77.71,1
1.4,80.7,0
-0.26,78.59,0
-0.15,77.34,0
-3.36,55.67,1
1.52,60.85,1
0.34,61.94,1
0.61,63.87,0
-0.12,63.17,0
-0.3,61.4,1
0.35,62.69,0
-0.59,57.7,1
0.27,59.04,1
1.48,65.42,0
-0.98,58.81,1
0.34,60.29,1
0.6,62.83,0
-0.24,61.09,0
-3.88,41.53,0
-2.39,34.48,1
0.8,38.19,0
-0.98,35.54,0
-0.6,34,0
-1.4,30.66,1
2.86,42.83,0
-0.91,40.34,1
0.59,42.66,0
-0.16,42.17,1
0.45,44.05,0
-0.31,42.98,0
-1.43,38.42,1
1.46,44.77,0
-1.47,40.2,1
0.24,41.22,0
-0.94,38.91,1
1.02,43.71,1
0.61,46.46,1
0.32,47.92,1
0.14,48.6,1
1.39,54.72,1
0.86,58.08,1
0.35,59.41,1
0.35,60.75,1
0.63,63.12,0
-0.45,60.29,0
-0.05,59.99,1
1.21,64.86,1
0.43,66.44,1
0.47,68.14,0
-1.89,55.85,0
-0.7,52.15,0
-0.52,49.58,1
0.89,53.79,1
4.73,68.83,0
-1,63.87,1
0.53,65.28,1
1.55,69.1,1
0.8,70.91,1
0.61,72.26,0
-3.56,55.89,1
1.39,59.6,1
1.5,63.25,1
1.09,65.72,0
-0.4,64,0
-1.92,56.45,0
-0.23,55.63,0
-0.18,54.93,1
1.63,59.73,1
0.13,60.09,0
-0.44,58.12,1
0.37,59.32,1
1.01,62.45,1
0.89,65.05,1
0.27,65.83,1
0.4,67,1
-0.1,59.32,0
-0.4,57.01,0
-1.63,48.73,1
1.81,56.2,0
-0.4,54.3,0
-0.75,50.81,0
-0.86,47.11,1
1.01,51.54,0
-0.76,48.25,1
0.04,48.42,0
-1.68,41.65,0
-1.72,36.17,0
-0.98,33.51,0
-0.88,31.29,1
1.72,39.6,1
0.71,42.74,0
-0.62,40.75,1
0.55,43.26,0
-0.2,42.55,1
0.44,44.68,0
-0.65,42.16,1
1.24,48.17,0
-0.06,47.92,1
0.35,49.62,1
0.04,49.82,1
0.42,52.01,0
-0.35,50.02,1
0.63,53.47,1
1.84,61.75,1
0.37,63.19,0
-0.44,60.25,0
-2.37,47.56,1
0.17,48.39,0
-0.05,48.15,1
0.6,51.24,0
-0.44,48.91,1
0.64,52.29,1
3.58,65.98,1
2.25,71.68,1
1.39,74.58,0
-1.27,67.67,1
0.73,69.4,1
2.61,74.66,1
1.01,76.4,1
0.32,76.95,1
0.82,78.33,0
-0.2,77.08,0
-0.69,72.87,0
-0.4,70.47,0
-1.51,62.19,0
-1.32,56.09,1
1.19,59.88,0
-0.56,57.37,0
-0.1,56.91,1
1.86,62.86,1
-0.5,63.02,0
-0.59,59.86,0
-2.07,50.29,1
1.4,55.36,0
-0.47,53.38,0
-0.73,50.35,0
-0.09,49.96,0
-0.37,48.37,1
0.18,49.22,1
0.03,49.37,1
1.95,57.97,0
-0.56,55.01,1
0.33,56.42,0
-0.03,56.25,1
1.02,60.62,1
1.41,65.78,0
-1.07,59.36,0
-0.11,58.73,1
0.38,60.29,1
0.02,46.64,1
0.28,48.12,0
-0.02,51.82,1
0.46,53.99,1
1.14,58.89,0
-0.37,56.74,0
-0.01,56.68,0
-0.02,56.53,1
0.57,59.34,1
1.65,66.87,1
0.09,67.19,0
-0.45,63.85,0
-0.82,58.17,1
0.02,58.27,0
-1.59,48.61,0
-1.79,40.61,1
0.23,41.93,0
-2.07,34.57,0
-0.59,32.84,1
0.28,34.48,1
0.21,35.77,0
-4.34,24.84,0
-2.5,21.02,1
4.18,37.79,0
-2.14,33.68,0
-2.75,29.36,1
0.81,32.05,1
4.03,43.64,1
1,46.19,1
1.84,50.67,1
3.36,57.7,0
-0.45,54.59,1
0.84,56.59,1
1.74,60.53,1
1.98,64.53,0
-0.32,63.37,0
-0.15,62.81,0
-1.75,56.54,1
0.69,58.28,1
0.35,59.17,0
-0.08,58.83,0
-0.93,55.2,1
1.09,58.42,1
1.72,62.99,1
0.97,65.34,0
-0.96,61.14,0
-0.85,57.65,1
0.12,58,0
-0.35,56.48,0
-1.53,50.32,0
-0.03,50.19,0
-2.27,42.39,0
-1.41,38.46,0
-2.32,33.13,1
4.75,48.53,0
-2.56,42.56,0
-1.1,40.31,1
1.03,44.29,1
1.91,49.72,1
0.69,51.6,0
-2.56,44.9,1
0.99,47.66,1
1.88,52.58,0
-0.47,51.27,1
0.99,53.87,1
0.34,54.77,1
0.62,56.47,1
1.38,60.05,0
-0.22,59.18,0
-2.83,49.49,0
-4.1,39.67,0
-0.29,39.1,0
-1.39,36.42,1
0.44,37.83,1
0.35,39.01,0
-1.16,36.53,1
1.81,42.61,1
2.32,49.43,1
4.42,59.51,1
0.18,59.88,1
3.92,66.92,1
0.72,68.07,1
0.48,68.86,1
0.7,70.03,1
1.43,72.31,0
-0.76,69.24,0
-0.23,68.29,0
-0.91,64.58,1
0.93,66.57,0
-0.63,63.92,0
-0.36,62.4,1
0.71,64.19,0
-0.25,63.04,1
0.64,64.77,0
-0.11,64.2,1
-0.21,61.63,0
-0.34,59.67,1
1.8,65.93,1
0.84,68.42,1
0.77,70.57,1
0.35,71.52,0
-0.27,69.64,0
-0.91,63.57,0
-0.25,62.02,1
0.55,64.13,0
-0.82,58.83,1
0.05,59.06,0
-1.03,52.81,0
-0.05,52.51,0
-1.62,44.14,1
0.44,46.57,0
-0.56,43.92,0
-0.29,42.57,0
-1.49,36.41,1
1.24,43.63,0
-0.15,43,1
0.73,47.07,0
-0.21,46.04,1
1.12,52.04,0
1.39,54.02,1
1.39,59.3,0
-0.12,58.66,0
-1.3,52.16,1
1.68,58.48,1
0.16,59.04,0
-0.22,57.87,1
0.28,58.99,0
-0.55,55.88,1
0.78,59.15,0
-0.23,57.78,1
0.09,58.18,1
0.73,61.43,1
0.94,65.24,0
-0.31,62.99,0
-1.66,52.66,0
-0.56,49.75,1
0.2,50.79,1
5.89,70.32,1
2.92,75.76,1
0.29,76.24,1
0.52,77.11,0
-0.94,71.94,1
0.07,72.08,1
0.79,73.77,0
-0.65,69.99,1
0.65,71.55,1
0.42,72.56,1
0.23,73.13,1
1.46,76.44,1
2,80.1,0
-0.97,73.95,0
-0.19,72.76,1
0,72.77,1
0.2,73.29,1
0.31,74.11,1
0.82,76.19,1
0.81,78.06,1
1.49,81.06,1
0.92,82.65,1
-0.65,79.62,0
-1.66,68.06,0
-0.81,63.33,0
-1.34,56.38,1
2.53,64.24,0
-1.24,58.52,1
2.42,64.97,0
-1.14,60.12,0
-2.66,50.68,1
0.17,51.18,1
0.06,51.37,1
0.76,53.86,0
-1.08,49.93,1
1.44,54.63,1
0.63,56.6,0
-0.8,53.45,1
2.06,59.64,1
0.35,60.62,1
0.67,62.51,1
0.89,64.93,1
1.22,67.99,0
-1.76,59.77,0
-1.62,53.45,0
-0.23,52.61,1
1.39,56.96,0
-4.63,42.67,0
-0.88,40.67,1
3.57,50.65,0
-2.14,45.53,1
2.2,50.92,0
-0.43,49.85,0
-2.34,44.47,1
1.52,48.29,1
0.61,49.81,1
0.94,52.16,0
-3.43,44.02,1
2.19,49.27,0
-1.59,45.83,0
-1.88,42.15,1
0.5,43.43,1
2.61,49.7,1
1.54,53.09,0
-6.63,40.28,0
-2.84,36.49,1
1.08,38.78,1
3.03,44.87,0
-0.7,43.76,0
-1.93,40.78,0
-5.04,34.33,0
-1,33.26,0
-2.82,30.41,1
2.47,35.46,1
1.11,37.71,0
-3.96,33.21,0
-4.78,28.91,0
1.35,29.56,0
-0.22,29.37,1
3.85,37.23,0
-0.77,36.33,0
-0.54,35.68,1
3.49,42.78,0
-3.57,32.09,1
0.66,33.41,0
-0.57,32.81,1
0.28,33.44,1
1.09,35.96,0
-3.2,32.09,0
-0.93,31.07,1
1.3,34.17,0
-3.12,30.57,0
-2.52,28.08,0
-3.89,24.8,0
-0.65,35.78,1
0.05,35.88,1
-9.96,27.88,1
4.27,35.1,0
-0.22,34.9,1
1.91,38.21,1
1.7,41.14,1
0.32,41.71,0
-0.98,40.41,0
-1.5,38.46,1
2.05,42.47,1
1.22,44.83,1
0.59,46.01,1
0.4,44.17,0
-0.79,42.74,1
3.31,49.97,0
-0.93,48.08,0
-1.04,46.01,1
6.83,58.57,1
0.72,59.7,1
0.05,59.78,1
2.84,64.29,1
1.71,66.77,1
0.03,66.82,0
-1.89,61.27,0
-0.31,60.4,0
-0.58,58.74,1
0.86,60.48,0
-0.42,59.17,1
0.36,59.99,0
0.64,61.6,0
-0.56,59.29,1
1.12,62.29,1
0.73,64.16,1
0.06,64.32,1
0.31,65.17,0
-0.98,60.21,1
1.05,63.39,1
0.5,64.85,0
-0.18,63.85,0
-0.58,60.68,0
-1.16,54.81,1
0.24,55.75,1
3.46,66.62,1
1.12,69.34,1
0.44,70.38,1
1.11,72.87,1
1.3,75.49,1
1.02,77.37,0
-0.79,72.67,1
0.87,74.5,1
3.68,80.47,0
-2.07,70.16,0
-1.21,65.03,0
-1.03,60.97,1
0.9,63.11,1
0.13,63.43,1
0.65,65.04,1
0.68,66.69,1
1.45,69.99,1
0.69,71.44,1
0.17,71.82,1
0.67,73.28,1
1.57,76.4,0
-0.3,74.59,1
0.56,75.74,0
-0.83,70.58,0
-0.04,70.33,1
0.18,70.83,1
0.01,70.86,1
1.95,75.89,1
1.44,80.45,0
-0.15,79.22,0
-0.91,72.23,0
-0.48,68.83,1
0.15,69.32,0
-1.93,56.99,1
4.91,70.92,0
-0.65,67.64,1
1.24,70.43,0
-1.54,63.05,0
-2.7,52.81,1
0.02,52.87,0
-1.07,49.28,0
-1.76,44.04,0
-5.81,32.13,1
1.58,36.85,1
1.2,40.29,0
-0.44,39.43,0
-0.57,38.3,0
-3.13,32.76,1
1.92,38.45,0
-2.05,34.98,0
-1.71,32.41,0
-0.48,30.5,1
0.52,32.35,0
-1.81,29.39,0
-1.01,27.88,1
3.66,39.8,1
1.61,44.33,1
1.47,48.21,1
2.66,54.5,1
1.28,57.25,1
1.16,59.66,0
-0.32,58.67,0
-0.02,58.61,0
-0.73,56.15,1
0.6,57.71,1
2.35,63.28,0
-0.29,62.16,1
0.8,64.04,0
-0.34,62.6,0
-0.1,62.16,0
-1.52,55.79,1
2.16,61.73,0
-0.03,61.6,0
-0.91,57.74,1
1.83,62.75,1
0.59,64.24,1
-2.06,56.47,1
0.61,58.32,1
0.99,61.23,0
-0.73,57.99,1
0.77,60.35,1
0.94,63.11,0
-0.35,61.4,0
-0.56,58.63,1
1.14,62.31,0
-1.49,55.28,1
2.29,62.2,1
0.78,64.29,0
-0.08,63.89,0
-0.79,60.01,1
0.35,61.12,1
0.93,64.02,0
-0.43,61.72,1
2.04,67.64,0
-2.16,57.31,0
-2.12,49.51,0
-5.23,36.55,1
1.89,42.14,1
1.04,45.05,1
2.21,50.78,0
-1.2,47.79,0
-0.25,47.17,1
4.23,57.19,0
-2.98,49.75,0
-0.5,48.64,1
2.36,53.85,1
1.86,57.6,1
0,57.61,1
1.08,59.85,0
-0.08,59.58,0
-4.62,47.19,1
1.9,51.45,0
-1.13,48.88,1
0.67,50.45,1
1.69,54.28,0
1.7,54.14,1
1.96,58.44,0
-0.01,58.41,1
0.43,59.39,1
1.18,62.08,1
3.18,68.23,0
-0.22,67.38,0
-1.95,60.31,1
0.53,61.47,1
0.36,62.29,1
0.94,64.4,0
-0.81,61.17,0
-1.46,55.8,1
0.45,57.05,0
-0.48,55.28,1
1.54,59.61,0
-0.52,57.57,0
-0.49,55.64,1
2.35,62.2,1
0.28,62.91,0
-2.51,53.14,1
0.85,55.59,1
2.8,62.61,1
0.02,62.66,0
-1.17,58.09,1
1.17,61.11,1
