Column1,Column2,Column3,Column4,Column5,Column6
46.69,124.75,-1.13,-8.96,1,-1.32
55.34,127.6,2.28,18.52,0,1.01
53.09,126.91,-0.54,-4.06,1,0.4
57.67,128.62,1.35,8.63,1,1.69
60.24,129.67,0.82,4.45,1,2.31
61.7,130.28,0.47,2.41,1,2.5
66.78,132.65,1.82,8.24,0,3.66
59.3,130.56,-1.58,-11.19,0,0.98
53.39,128.64,-1.47,-9.97,0,-0.64
44.67,125.15,-2.71,-16.33,1,-3.26
53.56,128.95,3.04,19.9,0,-0.09
52.96,128.7,-0.19,-1.13,0,-0.52
46.43,125.8,-2.25,-12.33,0,-2.56
44.81,125.01,-0.63,-3.49,1,-2.82
45.46,125.26,0.2,1.45,1,-2.28
51.28,127.62,1.88,12.81,0,0.28
48.23,126.32,-1.02,-5.96,0,-0.45
47.18,125.87,-0.36,-2.17,1,-0.46
47.56,126.01,0.11,0.81,1,-0.28
54.93,128.95,2.33,15.48,0,2.08
54.42,128.77,-0.14,-0.92,1,1.91
57.72,130.19,1.1,6.06,0,2.31
57.34,130.07,-0.09,-0.65,0,1.87
57.31,130.06,-0.01,-0.06,1,1.59
60.62,131.39,1.02,5.77,1,2.42
59.11,132.04,1.87,10.62,0,-0.94
58.28,131.78,-0.2,-1.39,0,1.07
53.65,130.28,-1.14,-7.95,1,0.72
54.33,130.54,0.2,1.26,0,-0.6
52.49,129.96,-0.44,-3.39,1,-0.54
52.96,130.12,0.12,0.9,0,-0.68
50.39,129.36,-0.58,-4.86,0,-0.45
48.04,128.65,-0.55,-4.66,0,-0.96
45.32,127.8,-0.66,-5.67,0,-1.39
44.11,127.42,-0.3,-2.66,1,-1.55
49.65,128.88,1.15,12.54,0,-1.53
48.62,128.59,-0.23,-2.07,0,-0.19
43.82,127.17,-1.1,-9.86,0,-0.39
43.02,126.92,-0.2,-1.83,1,-1.3
45.93,127.6,0.54,6.76,0,-0.91
44.84,127.3,-0.24,-2.37,1,-0.15
47.43,127.88,0.46,5.77,0,-0.37
42.67,126.6,-1,-10.04,1,0.13
47.17,127.61,0.8,10.56,0,-0.88
44.99,127.03,-0.45,-4.64,1,0.29
49.67,128.11,0.85,10.4,0,-0.23
47.22,127.5,-0.48,-4.92,0,0.65
44.34,126.75,-0.59,-6.11,0,0.09
37.1,124.53,-1.75,-16.31,1,-0.55
41.29,125.43,0.72,11.27,1,-2.15
46.29,126.6,0.93,12.11,0,-1.18
42.94,125.69,-0.25,-2.61,0,-0.09
33.46,122.57,-2.48,-22.08,0,0.04
28.11,120.07,-2.04,-16,1,-0.09
41.13,123.28,2.67,46.35,1,-2.55
48.57,125.66,1.93,18.09,0,-4.19
48.43,125.61,-0.04,-0.29,1,-1.13
52,126.82,0.96,7.36,1,1.73
56.52,128.51,1.33,8.7,1,1.4
59.24,129.62,0.86,4.81,1,2.17
64.51,132.07,1.89,8.9,0,3.25
60.01,130.75,-1,-6.98,0,3.88
45.64,125.22,-4.23,-23.95,0,4.33
45.51,125.16,-0.05,-0.28,0,2.11
44.05,124.5,-0.53,-3.2,0,-2.5
40.4,122.77,-1.39,-8.28,1,-2.24
42.22,123.38,0.5,4.5,0,-2.71
41.35,122.99,-0.32,-2.06,0,-4
39.95,122.37,-0.5,-3.4,0,-2.65
37.57,121.3,-0.87,-5.95,0,-2.59
32.08,118.44,-2.36,-14.61,0,-2.77
26.53,114.64,-3.21,-17.29,1,-2.68
29.17,115.4,0.66,9.94,0,-3.62
28.78,115.13,-0.23,-1.36,1,-5.94
30.25,115.52,0.34,5.11,1,-4.5
43.72,119.72,3.64,44.56,0,-4.19
33.41,113.49,-5.2,-23.58,1,-3.09
37.85,115.24,1.54,13.27,0,2.55
37.71,115.15,-0.08,-0.37,1,-2.56
39.85,115.96,0.7,5.68,1,-0.7
42.98,117.16,1.03,7.85,0,-0.69
41.69,116.5,-0.56,-2.99,0,0.37
38.87,115.01,-1.28,-6.77,0,1.13
34.84,112.65,-2.05,-10.36,0,0.33
26.28,105.76,-6.12,-24.57,0,-1
23.86,103.12,-2.5,-9.2,1,-2.91
25.6,103.74,0.6,7.26,1,-8.15
39.76,109.69,5.74,55.33,1,-9.42
45.79,112.92,2.94,15.17,1,-7.13
46.45,113.29,0.33,1.44,0,-0.79
45.59,112.76,-0.47,-1.85,0,2.23
38.34,107.72,-4.47,-15.91,1,3.06
46.71,112.34,4.29,21.83,0,4.32
43.97,110.37,-1.75,-5.87,0,-1.4
44.62,110.15,-1.92,-6.58,1,3.03
48.7,112.57,2.2,9.13,1,0.84
51.31,114.21,1.46,5.37,1,1.65
53.04,115.31,0.96,3.37,1,-0.58
54.57,116.28,0.84,2.89,1,1.69
54.79,116.41,0.11,0.39,0,3.19
49.96,113.92,-2.14,-8.81,0,3.23
49.08,113.45,-0.41,-1.76,1,2.98
52.45,115.21,1.55,6.88,0,2.59
48.87,113.4,-1.57,-6.84,1,0.03
50.71,114.32,0.81,3.78,1,-0.39
52.09,115,0.59,2.71,0,0.24
51.43,114.71,-0.25,-1.27,0,-1.47
46.47,112.44,-1.98,-9.64,0,-0.47
40.25,109.06,-3.01,-13.39,1,0.19
43.25,110.3,1.14,7.46,0,-0.03
41.93,109.58,-0.65,-3.05,1,-1.67
43.97,110.38,0.73,4.87,1,-4.48
45.01,110.78,0.36,2.37,1,-2.78
46.44,111.31,0.48,3.16,0,-3.07
45.18,110.78,-0.48,-2.71,0,-1.75
42.21,109.5,-1.16,-6.58,1,-0.27
49.53,112.12,2.39,17.34,0,0.8
48.22,111.6,-0.46,-2.64,1,0.21
48.75,111.79,0.17,1.1,0,-0.98
44.65,110.21,-1.41,-8.42,1,1.73
49.43,111.86,1.5,10.72,0,0.71
47.25,111.04,-0.73,-4.42,1,0.7
49.28,111.73,0.62,4.3,1,-0.82
54.82,113.77,1.83,11.25,0,0.76
54.79,113.76,-0.01,-0.06,1,-0.1
59.2,115.5,1.53,8.05,1,0.26
66.45,119.08,3.1,12.25,0,2.15
55.23,115.28,-3.19,-16.88,0,1.83
53.37,114.55,-0.63,-3.37,1,3.15
62.24,119.27,4.12,16.63,1,5.89
64.2,120.53,1.06,3.15,0,0.99
61.4,119.5,-0.85,-4.37,1,-0.26
64.15,121.18,1.41,4.48,1,3.88
66.29,122.57,1.15,3.34,0,4.47
64.58,122,-0.47,-2.57,0,2.6
61.37,120.92,-0.89,-4.98,1,2.66
61.63,121.06,0.12,0.43,0,3.54
60.07,120.57,-0.4,-2.54,0,2.54
49.57,116.77,-3.15,-17.48,0,1.31
48,116.11,-0.57,-3.17,0,0.83
47.06,115.72,-0.34,-1.97,0,-0.52
39.73,112.34,-2.92,-15.56,1,-3.8
44.77,114.18,1.64,12.68,0,-3.82
43.72,113.69,-0.43,-2.34,1,-3.69
52.52,117.29,3.17,20.12,1,-5.96
55.61,118.78,1.27,5.89,1,-2.49
56.67,119.3,0.44,1.91,0,-1.95
52.64,117.75,-1.3,-7.12,1,1.44
55.14,118.88,0.96,4.77,0,2.54
53.54,118.3,0.42,2.42,0,3.19
50.71,117.34,-0.81,-5.29,0,1.57
47.71,116.28,-0.9,-5.92,0,1.75
44.8,115.2,-0.93,-6.1,1,0.12
55.22,119.03,3.32,23.28,0,-0.05
53.11,118.28,-0.63,-3.83,0,-0.69
52.96,118.23,-0.04,-0.27,0,-1.47
45.89,115.62,-2.21,-13.36,1,-2.18
47.48,116.17,0.48,3.47,0,1.38
40.5,113.18,-2.57,-14.7,0,0.81
39.06,112.48,-0.62,-3.57,0,0.7
35.2,110.49,-1.77,-9.86,1,-1.62
38.02,111.34,0.77,7.99,0,-0.95
33.65,108.98,-2.12,-11.48,0,-3.28
29.15,106.03,-2.71,-13.39,1,-3.66
33.38,107.33,1.23,14.52,0,-4.47
33.21,107.23,-0.09,-0.49,1,-3.12
37.77,108.61,1.29,13.71,0,-4.8
40.71,108.74,1.8,18.6,0,-6.43
37.79,107.32,-1.31,-7.19,0,-2.8
29.83,102.71,-2.51,-12.99,0,-2.02
26.96,100.7,-1.96,-9.63,0,-0.47
22.11,96.45,-4.22,-17.98,1,-0.58
23.88,96.96,0.53,8,1,1.06
29.21,98.53,1.62,22.32,1,-0.44
33.76,99.96,1.45,15.58,0,-1.57
30.02,97.39,-2.57,-11.06,1,-3.74
36.31,99.52,2.19,20.94,0,-5.03
32.5,96.79,0.13,1.27,0,-8.38
31.72,96.3,-0.51,-2.38,1,-6.58
46.17,101.42,5.32,45.53,0,-1.9
42.43,99.44,-1.95,-8.1,1,-0.16
43.79,99.99,0.55,3.21,0,-2.7
33.58,93.42,-6.57,-23.33,1,-0.24
35.23,94.09,0.72,4.94,1,-1.87
42.71,97.34,3.45,21.21,0,-1.43
41.27,96.43,-0.93,-3.36,0,-1.73
38.3,94.48,-2.02,-7.2,1,3.83
42.57,96.35,1.98,11.15,1,1.82
43.14,96.6,0.26,1.33,0,1.9
38.88,94.02,-2.67,-9.88,1,-5.09
41.27,95.01,1.05,6.17,0,-3.71
41.24,94.99,-0.02,-0.09,0,0.08
39.92,94.27,-0.76,-3.2,0,-1.22
38.86,93.7,-0.6,-2.66,1,-2.38
50.85,98.12,1.53,7.75,0,-0.11
46.49,96.26,-1.9,-8.57,0,0.16
45.99,96.04,-0.23,-1.08,1,-2.15
48.29,96.88,0.87,4.99,0,-0.9
43.14,94.69,-2.26,-10.66,1,-0.51
47.05,96.1,1.49,9.08,1,-1.2
48.83,96.76,0.69,3.77,1,-1.65
49.24,96.91,0.16,0.85,0,2.38
48.62,96.69,-0.23,-1.27,1,3.54
58.52,100.53,3.97,20.36,1,1.06
59.01,100.75,0.22,0.83,1,0.65
60.7,101.5,0.74,2.87,1,0.7
63.94,103.01,1.49,5.33,0,-2.17
59.93,101.87,-1.11,-6.27,0,-0.35
57.09,101.03,-0.82,-4.74,1,0.38
57.32,101.12,0.09,0.41,1,0.49
57.46,101.17,0.05,0.24,1,0.48
60.47,102.26,1.08,5.24,1,4.35
61.17,102.52,0.25,1.17,1,3.93
66.31,104.58,2.01,8.39,1,4.19
69.26,105.97,1.33,4.45,0,5.12
68.47,105.8,-0.16,-1.14,1,1.97
68.74,105.92,0.11,0.4,0,0.3
68.69,105.91,-0.01,-0.08,1,0.35
70.66,106.72,0.76,2.87,0,0.35
67.33,106.13,-0.55,-4.71,0,0.88
69.18,107.68,2.37,11.37,1,0.76
73.23,109.56,1.75,5.86,0,2.87
70.22,108.99,-0.52,-4.12,1,3.81
72.37,109.99,0.92,3.06,1,3.15
74.6,111.12,1.03,3.09,0,2.78
67.76,109.81,-1.18,-9.16,1,1.34
70.33,110.96,1.05,3.79,0,1.53
59.57,108.54,-2.18,-15.3,1,0.74
59.9,108.66,0.11,0.55,1,-0.83
60.92,109.02,0.33,1.71,1,1.66
64.74,110.44,1.3,6.27,1,3.15
68.48,112.04,1.45,5.78,1,2.15
68.62,112.1,0.05,0.2,0,2.67
58.54,109.85,-2.01,-14.69,0,2.62
50.17,107.48,-2.16,-14.29,0,0.97
48.38,106.91,-0.53,-3.57,1,1.89
49.14,107.13,0.21,1.56,0,-0.57
45.37,105.97,-1.08,-7.66,0,-0.84
44.45,105.68,-0.27,-2.02,0,-0.75
42.54,105.08,-0.57,-4.31,0,0.69
40.26,104.35,-0.69,-5.35,0,2.05
26.58,97.82,-6.26,-33.99,0,1.84
22.76,94.83,-3.06,-14.36,0,-0.31
21.55,93.74,-1.15,-5.34,0,-2.6
21.44,93.64,-0.11,-0.52,1,-2.95
27.72,95.18,1.64,29.32,0,-2.34
26.27,94.19,-1.04,-5.25,0,-3.11
24.91,93.24,-1.01,-5.14,0,-3.04
24.18,92.72,-0.56,-2.94,1,-1.95
24.5,92.79,0.08,1.33,1,-1.9
27.49,93.42,0.68,12.19,0,-7.79
25.9,92.51,-0.97,-5.8,0,-9.73
22.54,90.34,-2.35,-12.96,1,-9.4
23.43,90.52,0.2,3.93,1,-6.59
37.75,93.88,3.71,61.12,0,-3.12
36.88,93.49,-0.42,-2.28,1,-3.7
40.87,94.56,1.14,10.82,0,-4.23
39.96,94.2,-0.38,-2.24,1,-3.29
43.8,95.22,1.08,9.61,1,-1.06
48.04,96.43,1.27,9.69,1,-0.22
52.72,97.9,1.52,9.73,1,-1.16
57.53,99.62,1.76,9.13,1,-3.34
59.56,100.41,0.79,3.54,0,-2.72
52.04,98.46,-1.4,-9.27,0,1.99
49.44,97.72,-0.75,-5.01,1,1.35
50.16,97.92,0.2,1.47,1,2.31
52.76,98.63,0.73,5.18,1,1.63
54.21,99.03,0.41,2.74,0,2.54
53.81,98.94,-0.09,-0.74,1,2.97
56.53,99.65,0.72,5.06,0,3.46
52.67,98.83,-0.82,-6.83,0,4.76
46.46,97.34,-1.51,-11.79,1,4.96
47,97.46,0.12,1.17,0,0.93
45.67,97.14,-0.33,-2.82,1,-0.64
47.71,97.55,0.42,4.46,0,-1.3
39.15,95.33,-2.28,-17.95,0,-1.28
38.38,95.1,-0.24,-1.96,1,-0.23
42.65,95.91,0.85,11.12,0,0.52
41.28,95.55,-0.38,-3.21,1,0.34
44.23,96.1,0.58,7.14,0,1.01
34.96,93.4,-2.81,-20.96,0,0.05
31.39,92.04,-1.46,-10.21,1,-1.51
39.03,93.59,1.68,24.34,1,-1.29
42.62,94.4,0.87,9.21,1,-1.44
47.56,95.6,1.27,11.58,1,-0.84
47.69,95.53,0.57,5.08,1,-2.96
49.43,95.94,0.43,3.66,1,-2.24
52.51,96.68,0.77,6.23,1,-0.77
53.74,96.98,0.31,2.34,1,-1.03
55.56,97.42,0.45,3.38,0,-0.33
52.77,96.87,-0.56,-5.02,1,-2.98
60.27,98.79,1.98,14.22,0,-3.35
60.22,98.78,-0.01,-0.09,1,-1.15
63.86,99.83,1.06,6.04,1,-0.13
63.99,99.87,0.04,0.21,1,1.15
64.31,99.96,0.09,0.51,0,0.73
60.85,99.43,-0.53,-5.39,0,1.18
56.12,98.66,-0.77,-7.77,0,1.44
49.08,97.34,-1.34,-12.55,0,1.62
45.93,96.67,-0.69,-6.42,1,1.23
67.19,102.95,6.5,46.28,1,1.45
70,104.34,1.35,4.18,0,0.64
69.4,104.21,-0.12,-0.86,1,2.54
72.93,106.05,1.77,5.09,0,2.2
65.94,104.48,-1.48,-9.59,1,2.3
68.64,105.79,1.25,4.1,1,1.79
68.8,105.87,0.08,0.24,1,1.62
71.96,107.48,1.52,4.58,1,0.88
73.55,108.37,0.83,2.21,1,-0.21
74.32,108.81,0.41,1.05,0,-2.09
70.24,108,-0.74,-5.5,0,-2.53
69.88,107.93,-0.06,-0.51,1,4.18
70.46,108.18,0.23,0.83,1,5.03
73.33,109.48,1.2,4.07,0,4.31
72.74,109.38,-0.09,-0.8,0,5.32
71.76,109.22,-0.15,-1.36,0,2.51
70.85,109.08,-0.13,-1.26,1,3.42
71.62,109.36,0.26,1.09,0,3.06
65.92,108.51,-0.78,-7.96,1,3.55
67.05,108.85,0.31,1.71,0,2.58
61.74,108.03,-0.75,-7.93,0,2.32
58.91,107.57,-0.43,-4.57,0,1.23
55.19,106.94,-0.59,-6.32,0,1
54.49,106.82,-0.11,-1.28,0,1.02
49.8,106,-0.77,-8.6,1,1.25
50.36,106.1,0.09,1.13,1,0.85
53.86,106.73,0.59,6.94,1,0.58
61.75,108.36,0.61,5.35,0,0.38
45.7,105.52,-2.62,-25.99,0,0.55
36.99,103.13,-2.26,-19.06,1,-0.56
47.42,105.44,2.24,28.2,1,-0.29
55.96,107.95,2.38,17.99,1,-1
65.21,111.77,3.54,16.54,1,-1.3
71.6,115.57,3.4,9.8,0,-1.66
69.26,114.92,-0.56,-3.27,0,-1.28
64.57,113.58,-1.17,-6.78,0,-1.66
64.53,113.57,-0.01,-0.05,0,-1.33
64.45,113.55,-0.02,-0.12,1,-0.58
66.7,114.62,0.94,3.49,0,0.96
59.48,112.71,-1.67,-10.83,1,1.42
59.89,112.88,0.15,0.7,1,-1.44
60.43,113.09,0.19,0.9,1,-3.51
62.65,113.95,0.76,3.68,0,-0.98
55.72,112.18,-1.55,-11.07,1,1.81
58.17,113.05,0.78,4.4,0,5.1
56.13,112.52,-0.47,-3.5,1,7.88
57.58,113,0.43,2.58,1,6.23
57.74,113.05,0.04,0.27,1,3.45
60.39,113.89,0.74,4.58,1,1.82
60.92,114.06,0.15,0.88,1,1.54
66.59,116.05,1.74,9.31,1,2.3
67.23,116.3,0.22,0.97,1,-0.43
69.84,117.34,0.89,3.87,0,-0.83
67.83,116.98,-0.31,-2.88,1,-0.35
69.53,117.63,0.56,2.51,0,0.46
69.05,117.55,-0.07,-0.7,0,-1.16
68.53,117.47,-0.07,-0.74,0,-0.24
66.21,117.12,-0.3,-3.39,0,-0.4
65.8,117.06,-0.05,-0.62,0,0.05
62.58,116.6,-0.39,-4.89,1,0.09
66.59,117.65,0.9,6.41,1,0.82
68.66,118.25,0.51,3.1,0,0.86
53,115.59,-2.25,-22.81,0,2.46
48.07,114.48,-0.96,-9.3,0,2.23
44.99,113.72,-0.66,-6.42,0,2.82
44.26,113.54,-0.16,-1.61,0,2.14
36.96,111.49,-1.81,-16.49,1,2.21
37.51,111.59,0.09,1.46,0,0.99
32.26,109.83,-1.58,-14,0,0.42
29.73,108.84,-0.9,-7.82,1,0.06
38.01,110.41,1.44,27.84,1,0
41.1,111.06,0.59,8.14,0,-0.5
40.5,110.88,-0.16,-1.47,0,0.35
31.86,107.79,-2.79,-21.33,1,0.86
34.96,108.43,0.59,9.71,0,-1.53
28.94,105.71,-2.51,-17.21,1,-2.29
35.13,107.11,1.32,21.38,1,-2.62
45.62,109.99,2.69,29.86,0,-2.16
45.51,109.95,-0.04,-0.24,1,-3.5
45.9,110.06,0.1,0.85,1,-2.93
51.52,111.73,1.52,12.25,1,-4.11
51.75,111.8,0.06,0.44,0,-4.16
50.86,111.57,-0.2,-1.66,0,-0.98
50.41,111.46,-0.1,-0.89,0,0.1
46.6,110.52,-0.84,-7.55,0,-0.08
42.79,109.49,-0.93,-8.18,1,-2.85
44.73,109.9,0.37,4.53,0,-1.64
41.79,109.11,-0.72,-6.57,1,-3.52
45.86,109.95,0.77,9.74,1,-1.78
50.64,111.03,0.98,10.42,1,1.12
54.97,112.12,0.98,8.53,1,0.94
61.12,113.95,1.63,11.2,0,1.1
58.08,113.3,-0.57,-4.97,1,2.94
63.73,115.19,1.67,9.72,1,2.48
63.73,115.19,0,0,1,1.38
65.52,115.82,0.55,2.82,1,0.22
65.95,115.97,0.13,0.66,1,-0.15
67.89,116.64,0.58,2.93,1,-0.96
68.77,116.95,0.27,1.3,1,-1.75
69.1,117.06,0.09,0.47,0,-1.1
64.07,116.29,-0.66,-7.28,1,-1.51
64.05,116.76,-0.43,-5.07,0,-0.35
63.84,116.73,-0.03,-0.33,0,0.67
58.32,116.02,-0.11,-1.52,1,1.58
61.19,116.61,0.51,4.93,1,3.17
66.65,117.91,1.11,8.92,1,2.06
70.38,118.99,0.92,5.59,1,3.24
70.77,119.11,0.1,0.56,1,2.76
72.83,119.75,0.54,2.91,0,2.97
68.76,119.25,-0.42,-5.6,0,2.34
70.54,119.99,-0.01,-0.12,0,1.51
68.66,119.78,-0.18,-2.67,1,1.39
69.58,120,0.18,1.34,1,1.28
69.92,120.08,0.07,0.5,0,0.45
68.77,119.97,-0.09,-1.65,1,0.49
76.13,121.88,1.59,10.71,1,-0.02
76.32,121.94,0.05,0.25,1,-0.05
76.36,121.95,0.01,0.04,0,-0.42
72.8,121.63,-0.26,-4.66,0,-0.45
69.73,121.35,-0.23,-4.21,1,0.13
86.23,128.75,6.1,23.65,0,1.23
84.75,128.53,-0.17,-1.71,1,2.14
85.42,129.08,0.43,0.79,1,1.69
86.8,130.29,0.94,1.62,1,1.95
88.05,131.53,0.95,1.44,1,1.24
88.53,132.04,0.39,0.55,1,0.65
88.89,132.42,0.29,0.4,0,0.53
86.59,132.12,-0.23,-2.59,1,0.28
87.9,133.29,0.89,1.52,1,0.37
89.54,135.02,1.3,1.86,1,0.27
89.95,135.51,0.36,0.46,0,0
88.72,135.35,-0.12,-1.37,1,1.59
90.4,137.11,0.3,0.41,0,1.41
85.53,136.53,-0.42,-5.39,1,1.24
85.72,136.66,0.1,0.22,1,0.55
86.12,136.93,0.2,0.46,1,0.09
86.21,136.99,0.04,0.11,1,6.18
89.66,139.79,2.04,4,0,5.19
83.03,138.96,-0.59,-7.39,1,4.73
84.27,139.78,0.59,1.49,0,4.05
80.86,139.34,-0.31,-4.04,1,3.89
81.2,139.52,0.13,0.41,0,3.72
77,139,-0.37,-5.16,0,3.53
74.46,138.68,-0.23,-3.31,1,2.22
75.7,139.14,0.33,1.67,1,1.56
75.87,139.2,0.04,0.22,0,2.33
73.97,138.99,-0.15,-2.5,1,2.36
78.1,140.46,1.06,5.58,1,1.94
78.67,140.69,0.16,0.73,0,1.28
72.49,139.99,-0.5,-7.85,1,1.36
76.64,141.46,1.05,5.73,0,0.74
65,139.84,-1.15,-15.18,1,0.49
69.81,141.42,1.13,7.41,0,0.28
66.69,140.92,-0.35,-4.48,0,0.15
64.94,140.64,-0.2,-2.63,1,2.17
65.77,140.88,0.17,1.28,1,1.25
73.88,143.8,2.07,12.33,1,1.69
74.59,144.12,0.22,0.96,0,0.84
73.31,143.93,-0.13,-1.71,0,0.64
71.44,143.66,-0.19,-2.55,1,0.17
71.56,143.7,0.03,0.16,1,-0.08
74.53,144.77,0.74,4.15,0,0.1
69.08,144.02,-0.52,-7.31,0,-0.03
66.57,143.66,-0.25,-3.64,0,-0.11
64.32,143.34,-0.22,-3.37,0,0.96
63.11,143.17,-0.12,-1.89,0,1
53.28,141.63,-1.08,-15.57,1,0.38
54.13,141.8,0.12,1.59,0,1.23
50.35,141.2,-0.44,-6.64,0,-0.21
47.54,140.68,-0.37,-5.57,1,0.95
56.4,142.44,1.25,18.63,0,0.47
55.42,142.27,-0.12,-1.73,1,0.12
61.23,143.64,0.96,10.48,1,0.12
64.47,144.53,0.62,5.29,0,2.09
59.37,143.68,-0.59,-7.91,1,2.01
59.81,143.79,0.08,0.75,0,1.62
58.93,143.65,-0.1,-1.47,1,1.21
69.17,146.58,2.04,17.37,1,0.6
71.59,147.51,0.63,3.5,0,0.99
68.77,147.06,-0.31,-3.93,0,0.33
65.51,146.53,-0.36,-4.75,1,0.03
72.06,148.96,1.66,10,1,-0.43
79.16,153.01,2.72,9.86,1,-0.48
80.46,153.99,0.64,1.64,0,-1.49
76.64,153.26,-0.47,-4.75,1,-1.16
77.71,153.95,0.45,1.41,1,-0.26
80.7,156.1,1.4,3.84,0,-0.49
78.59,155.7,-0.26,-2.61,0,-0.78
77.34,155.47,-0.15,-1.59,0,0.58
55.67,150.25,-3.36,-28.02,1,0.53
60.85,152.54,1.52,9.31,1,1.38
61.94,153.06,0.34,1.79,1,1.77
63.87,153.99,0.61,3.12,0,0.92
63.17,153.8,-0.12,-1.11,0,0.88
61.4,153.34,-0.3,-2.8,1,0.61
62.69,153.87,0.35,2.11,0,2.08
57.7,152.76,-0.59,-6.58,1,2.22
59.04,153.18,0.27,2.32,1,1.58
65.42,155.45,1.48,10.8,0,1.02
58.81,153.93,-0.98,-10.1,1,2.44
60.29,154.45,0.34,2.51,1,4.29
62.83,155.37,0.6,4.21,0,3.85
61.09,154.99,-0.24,-2.77,0,2.8
41.53,148.98,-3.88,-32.03,0,2.9
34.48,145.42,-2.39,-16.96,1,3.7
38.19,146.59,0.8,10.76,0,1.62
35.54,145.16,-0.98,-6.94,0,0.74
34,144.29,-0.6,-4.35,0,-2.75
30.66,142.27,-1.4,-9.81,1,-0.93
42.83,146.34,2.86,39.67,0,-0.55
40.34,145.01,-0.91,-5.82,1,0.09
42.66,145.87,0.59,5.76,0,0.19
42.17,145.63,-0.16,-1.16,1,-0.13
44.05,146.28,0.45,4.47,0,0.23
42.98,145.82,-0.31,-2.43,0,-0.03
38.42,143.73,-1.43,-10.61,1,-0.62
44.77,145.83,1.46,16.5,0,-0.26
40.2,143.68,-1.47,-10.2,1,1.3
41.22,144.02,0.24,2.54,0,0.13
38.91,142.73,-0.94,-7.43,1,0.42
43.71,144.18,1.02,12.34,1,0.95
46.46,145.06,0.61,6.29,1,0.57
47.92,145.53,0.32,3.15,1,-3.4
48.6,145.74,0.14,1.41,1,-5.49
54.72,147.77,1.39,12.59,1,-3.68
58.08,149.04,0.86,6.14,1,-4.12
59.41,149.56,0.35,2.29,1,-4.2
60.75,150.08,0.35,2.26,1,-4.78
63.12,151.02,0.63,3.9,0,0.61
60.29,150.34,-0.45,-4.49,0,0
59.99,150.27,-0.05,-0.5,1,0.59
64.86,152.09,1.21,8.13,1,0.35
66.44,152.74,0.43,2.43,1,0.78
68.14,153.46,0.47,2.56,0,0.4
55.85,150.56,-1.89,-18.03,0,-1.44
52.15,149.5,-0.7,-6.63,0,0.21
49.58,148.73,-0.52,-4.93,1,-1.29
53.79,150.05,0.89,8.48,1,-0.83
68.83,157.14,4.73,27.96,0,-0.24
63.87,155.57,-1,-7.2,1,-1.14
65.28,156.39,0.53,2.2,1,0.17
69.1,158.81,1.55,5.86,1,0.94
70.91,160.08,0.8,2.62,1,1.12
72.26,161.06,0.61,1.9,0,1.08
55.89,155.32,-3.56,-22.65,1,2.33
59.6,157.48,1.39,6.63,1,2.78
63.25,159.85,1.5,6.12,1,2.28
65.72,161.6,1.09,3.89,0,2.01
64,160.95,-0.4,-2.61,0,2.36
56.45,157.86,-1.92,-11.79,0,1.6
55.63,157.5,-0.23,-1.46,0,1.1
54.93,157.21,-0.18,-1.25,1,1.36
59.73,159.78,1.63,8.74,1,1.45
60.09,159.98,0.13,0.6,0,1.72
58.12,159.27,-0.44,-3.27,1,-0.42
59.32,159.86,0.37,2.05,1,-1.2
62.45,161.47,1.01,5.29,1,-1.79
65.05,162.91,0.89,4.16,1,-0.75
65.83,163.35,0.27,1.2,1,4.05
67,164,0.4,1.77,1,2.49
59.32,161.91,-0.1,-0.98,0,2.74
57.01,161.26,-0.4,-3.9,0,3.87
48.73,158.63,-1.63,-14.52,1,3.65
56.2,161.5,1.81,15.33,0,3.74
54.3,160.86,-0.4,-3.38,0,-0.42
50.81,159.65,-0.75,-6.44,0,0.43
47.11,158.28,-0.86,-7.28,1,1.05
51.54,159.88,1.01,9.42,0,1.78
48.25,158.67,-0.76,-6.4,1,1.12
48.42,158.73,0.04,0.37,0,-0.96
41.65,156.07,-1.68,-13.98,0,-1.11
36.17,153.39,-1.72,-13.17,0,-1.25
33.51,151.89,-0.98,-7.35,0,0.39
31.29,150.55,-0.88,-6.61,1,0.46
39.6,153.14,1.72,26.55,1,-0.04
42.74,154.23,0.71,7.92,0,0.37
40.75,153.28,-0.62,-4.65,1,1.6
43.26,154.12,0.55,6.16,0,2.08
42.55,153.81,-0.2,-1.66,1,2.05
44.68,154.48,0.44,5.02,0,2.19
42.16,153.48,-0.65,-5.63,1,-0.66
48.17,155.39,1.24,14.24,0,-0.65
47.92,155.3,-0.06,-0.52,1,-0.96
49.62,155.84,0.35,3.56,1,-2.56
49.82,155.9,0.04,0.4,1,-0.05
52.01,156.55,0.42,4.39,0,-0.13
50.02,156,-0.35,-3.82,1,-0.86
53.47,156.99,0.63,6.89,1,-1.59
61.75,159.88,1.84,15.5,1,-0.4
63.19,160.47,0.37,2.33,0,-0.71
60.25,159.76,-0.44,-4.66,0,-0.67
47.56,155.98,-2.37,-21.07,1,-2.24
48.39,156.25,0.17,1.76,0,-3.65
48.15,156.17,-0.05,-0.51,1,-3.98
51.24,157.1,0.6,6.42,0,-3.76
48.91,156.41,-0.44,-4.55,1,-1.13
52.29,157.41,0.64,6.92,1,-0.26
65.98,163.05,3.58,26.18,1,-0.84
71.68,166.72,2.25,8.63,1,0.14
74.58,169.04,1.39,4.04,0,0.62
67.67,166.89,-1.27,-9.26,1,0.84
69.4,168.11,0.73,2.56,1,0.07
74.66,172.5,2.61,7.58,1,1.31
76.4,174.25,1.01,2.33,1,0.85
76.95,174.81,0.32,0.71,1,0.91
78.33,176.24,0.82,1.79,0,0.76
77.08,175.88,-0.2,-1.6,0,1.07
72.87,174.67,-0.69,-5.46,0,0.58
70.47,173.97,-0.4,-3.29,0,1.04
62.19,171.34,-1.51,-11.75,0,2.42
56.09,169.08,-1.32,-9.81,1,2.3
59.88,171.1,1.19,6.75,0,1.52
57.37,170.15,-0.56,-4.19,0,-1.07
56.91,169.98,-0.1,-0.8,1,-0.91
62.86,173.14,1.86,10.45,1,-1.3
63.02,174.09,-0.5,-4.23,0,-0.62
59.86,173.07,-0.59,-5.02,0,-0.97
50.29,169.48,-2.07,-15.99,1,-0.22
55.36,171.85,1.4,10.09,0,3.56
53.38,171.05,-0.47,-3.58,0,5.7
50.35,169.8,-0.73,-5.68,0,6
49.96,169.64,-0.09,-0.78,0,3.76
48.37,169.01,-0.37,-3.19,1,4.03
49.22,169.32,0.18,1.77,1,5.77
49.37,169.37,0.03,0.3,1,3.89
57.97,172.67,1.95,17.41,0,3.08
55.01,171.7,-0.56,-5.1,1,3.47
56.42,172.27,0.33,2.56,0,2.81
56.25,172.22,-0.03,-0.29,1,1.43
60.62,173.97,1.02,7.77,1,-0.43
65.78,176.42,1.41,8.5,0,-2.07
59.36,174.54,-1.07,-9.76,0,-3.08
58.73,174.35,-0.11,-1.05,1,-1.54
60.29,175.01,0.38,2.66,1,-1.87
46.64,170.6,0.02,0.19,1,-1.01
48.12,171.08,0.28,3.17,0,1.29
51.82,172.23,-0.02,-0.16,1,2.09
53.99,173.03,0.46,4.18,1,0.84
58.89,175,1.14,9.08,0,-0.21
56.74,174.35,-0.37,-3.65,0,-2.24
56.68,174.33,-0.01,-0.12,0,-0.56
56.53,174.29,-0.02,-0.26,1,-1.17
59.34,175.28,0.57,4.97,1,-1.52
66.87,179.1,1.65,10.91,1,-1.12
67.19,179.26,0.09,0.48,0,-1.33
63.85,178.46,-0.45,-4.97,0,-0.98
,,,,,-0.61
,,,,,1.75
,,,,,1.02
,,,,,1.21
,,,,,1.03
,,,,,1.87
,,,,,2.55
,,,,,0.77
,,,,,0.55
,,,,,0.86
,,,,,-2.57
,,,,,-2.13
,,,,,-1.56
,,,,,1.11
,,,,,0.87
,,,,,1.19
,,,,,2.17
,,,,,1.16
,,,,,0.55
,,,,,0.44
,,,,,0.94
,,,,,0.64
,,,,,2.19
,,,,,1.97
,,,,,1.11
